store,address,phone,address2,_GC_TYPE,_CLEANADDR,_X,_Y
학동역 DT점,서울시 강남구 학동로 211 1층,02-3444-9973,서울특별시 강남구 학동로 211 1층,정,서울특별시 강남구 학동로 211 (논현동),127.03207477809852,37.51469338372007
메가박스점,서울 강남구 삼성동 159 코엑스몰 지하2층,02-6002-3320,서울특별시 강남구 삼성동 159 코엑스몰 지하2층,정,서울특별시 강남구 삼성동 159,127.05882788390016,37.51259685678259
강남에스점,서울시 서초구 서초 1306-3호,02-593-5095,서울특별시 서초구 서초 1306-3호,정,서울특별시 서초구 서초동 1306,127.02576679158672,37.500455387240365
수서점,서울시 강남구 광평로 280 수서동 724호,02-3412-2326,서울특별시 강남구 광평로 280 수서동 724호,정,서울특별시 강남구 광평로 280 (수서동),127.10307871209781,37.487309156695375
차병원점,서울시 강남구 논현로 566 강남차병원1층,02-538-7615,서울특별시 강남구 논현로 566 강남차병원1층,정,서울특별시 강남구 논현로 566 (역삼동),127.03473811283061,37.50703961314565
강남대로점,서울시 서초구 강남대로 369 1층,02-588-5778,서울특별시 서초구 강남대로 369 1층,정,서울특별시 서초구 강남대로 369 (서초동),127.02820816295831,37.49567407019134
청담에스점,"서울시 강남구 압구정로 461 네이처포엠빌딩B108,109호",02-548-6052,"서울특별시 강남구 압구정로 461 네이처포엠빌딩B108,109호",정,서울특별시 강남구 압구정로 461 (청담동),127.04723314375501,37.5252497901454
압구정에스점,서울시 강남구 압구정로 46길 3,02-541-5832,서울특별시 강남구 압구정로 46길 3,유,서울특별시 강남구 압구정로46길 4 (신사동),127.03664021774429,37.52839196081141
신사점,서울시 강남구 도산대로 126,02-548-2741,서울특별시 강남구 도산대로 126,정,서울특별시 강남구 도산대로 126 (논현동),127.02240959317812,37.51696625733457
압구정역점,서울시 강남구 논현로 842 압구정빌딩1층,02-544-6823,서울특별시 강남구 논현로 842 압구정빌딩1층,정,서울특별시 강남구 논현로 842 (신사동),127.0287288245563,37.523958506966835
역삼점,"서울시 강남구 논현로 512  지상1,2층",02-569-8051,"서울특별시 강남구 논현로 512 지상1,2층",정,서울특별시 강남구 논현로 512 (역삼동),127.03652127879646,37.50234990298033
도곡점,"서울시 강남구 언주로 30길 10,112 현대비젼21 112호",02-572-2781,"서울특별시 강남구 언주로 30길 10,112 현대비젼21 112호",유,서울특별시 강남구 언주로30길 10 (도곡동),127.05155363011512,37.487339435701706
공항터미널앞점,서울시 강남구 테헤란로 87길 17 1층,02-539-5174,서울특별시 강남구 테헤란로 87길 17 1층,정,서울특별시 강남구 테헤란로87길 17 (삼성동),127.05832178910876,37.50872810127264
양재스포타임점,서울시 서초구 강남대로 213 24호 지하1층,02-578-6833,서울특별시 서초구 강남대로 213 24호 지하1층,정,서울특별시 서초구 강남대로 213 (양재동),127.03490600102366,37.482727476919436
영동점,서울 서초구 반포동 736-17 P빌딩 2층,02-3443-2096,서울특별시 서초구 반포동 736-17 P빌딩 2층,정,서울특별시 서초구 반포동 736-17,127.02279287358077,37.50679183531405
청담성당점,서울시 강남구 삼성로 716 LEE76빌딩2층,02-542-2053,서울특별시 강남구 삼성로 716 LEE76빌딩2층,정,서울특별시 강남구 삼성로 716 (청담동),127.05002409627461,37.51990947521295
영동고앞점,"서울시 강남구 선릉로 749 1,2층",02-544-3794,"서울특별시 강남구 선릉로 749 1,2층",유,서울특별시 강남구 선릉로 749 (논현동),127.039453736855,37.52148771665884
압구정로데오점,서울시 강남구 선릉로 157길 12 석전빌딩 1~4층,02-3445-5093,서울특별시 강남구 선릉로 157길 12 석전빌딩 1~4층,정,서울특별시 강남구 선릉로157길 12 (신사동),127.03901263504208,37.52611450661664
교대점,서울시 서초구 서초중앙로 118  1층,02-585-3981,서울특별시 서초구 서초중앙로 118 1층,정,서울특별시 서초구 서초중앙로 118 (서초동),127.01422857554502,37.4924198910902
압구정시티점,"서울시 강남구 도산대로49길 13 1층 17,18호",02-543-5922,"서울특별시 강남구 도산대로49길 13 1층 17,18호",정,서울특별시 강남구 도산대로49길 13 (신사동),127.03708376881623,37.523756360569294
대치한티점,서울시 강남구 선릉로 64길 23 1층,02-557-0510,서울특별시 강남구 선릉로 64길 23 1층,정,서울특별시 강남구 선릉로64길 23 (대치동),127.05417825242736,37.49830053879956
트레이드타워점,서울시 강남구 영동대로 511 트레이드타워 지하1층,02-6002-6470,서울특별시 강남구 영동대로 511 트레이드타워 지하1층,정,서울특별시 강남구 영동대로 511 (삼성동),127.06099979973578,37.510321267700924
대치포스코뒷점,서울시 강남구 삼성로 85길 11 롯데캐슬아파트생활편익시설동,02-3453-8077,서울특별시 강남구 삼성로 85길 11 롯데캐슬아파트생활편익시설동,정,서울특별시 강남구 삼성로85길 11 (대치동),127.05631742022639,37.50498630073347
논현팍스타워점,서울시 강남구 논현 231-13호 팍스타워지하1층,02-513-3870,서울특별시 강남구 논현 231-13호 팍스타워지하1층,정,서울특별시 강남구 논현동 231,127.0359642205284,37.510047131468134
삼성오크우드점,서울 강남구 영동대로 513 컨벤션별관A동 지하 2층,02-3466-8507,서울특별시 강남구 영동대로 513 컨벤션별관A동 지하 2층,정,서울특별시 강남구 영동대로 513 (삼성동),127.05903692464555,37.51201832920066
삼성봉은사거리점,"서울시 강남구 영동대로 607 12번지 1,2층",02-3443-5618,"서울특별시 강남구 영동대로 607 12번지 1,2층",유,서울특별시 강남구 영동대로 607 (삼성동),127.05948692536901,37.514548646463794
서초우성점,서울시 서초구 강남대로 51길 1 511 TOWER  1층,02-582-0158,서울특별시 서초구 강남대로 51길 1 511 TOWER 1층,유,서울특별시 서초구 강남대로51길 1 (서초동),127.03026258079018,37.491287912705786
논현동수면센터점,서울시 강남구 논현로 717 1층,02-3443-5575,서울특별시 강남구 논현로 717 1층,정,서울특별시 강남구 논현로 717 (논현동),127.02953682338341,37.51596129087994
서초지파이브점,"서울시 서초구 서초동 1685-8호 101~2호,113~4호,121호",02-3477-5580,"서울특별시 서초구 서초동 1685-8호 101~2호,113~4호,121호",정,서울특별시 서초구 서초동 1685,127.01560090851564,37.4987295970457
반포엘루체점,서울시 서초구 신반포로 23 1141호 엘루체백화점내1층1013~1015호,02-3477-5571,서울특별시 서초구 신반포로 23 1141호 엘루체백화점내1층1013~1015호,정,서울특별시 서초구 신반포로 23 (반포동),126.98723035699052,37.501745231618266
역삼포스틸타워뒷점,서울시 강남구 테헤란로 20길 10 쓰리엠타워1층,02-554-9962,서울특별시 강남구 테헤란로 20길 10 쓰리엠타워1층,정,서울특별시 강남구 테헤란로20길 10 (역삼동),127.03414212235208,37.49908773799254
잠실신천점,서울시 송파구 석촌호수로 118 1층,02-416-9520,서울특별시 송파구 석촌호수로 118 1층,정,서울특별시 송파구 석촌호수로 118 (잠실동),127.0900350975532,37.50744047150724
방배역점,"서울시 서초구 효령로 117  3,4층",02-521-4562,"서울특별시 서초구 효령로 117 3,4층",유,서울특별시 서초구 효령로 117 (방배동),126.99694133146448,37.481464042587795
삼성생명강남사옥점,서울시 서초구 서초대로74길 4 삼성생명보험서초타워내지하1층,02-581-5562,서울특별시 서초구 서초대로74길 4 삼성생명보험서초타워내지하1층,정,서울특별시 서초구 서초대로74길 4 (서초동),127.02565413698001,37.49680361608399
방배카페골목점,서울특별시 서초구 방배중앙로 187,02-592-7794,서울특별시 서초구 방배중앙로 187,정,서울특별시 서초구 방배중앙로 187 (방배동),126.98551882887102,37.495718223364975
테헤란로하이닉스뒷점,서울시 강남구 테헤란로 70길 12 1층,02-538-9927,서울특별시 강남구 테헤란로 70길 12 1층,정,서울특별시 강남구 테헤란로70길 12 (대치동),127.05315771409961,37.5047422302738
매봉역점,서울시 강남구 논현로 38길 42 418호,02-529-9947,서울특별시 강남구 논현로 38길 42 418호,정,서울특별시 강남구 논현로38길 42 (도곡동),127.04503830489378,37.48557108263978
삼성전자강남사옥점,서울시 서초구 서초대로74길 11 지하2층,02-2055-1142,서울특별시 서초구 서초대로74길 11 지하2층,정,서울특별시 서초구 서초대로74길 11 (서초동),127.02694186106164,37.49657302976404
삼성봉은사로점,서울시 강남구 봉은사로 628 엘슨빌딩1층,02-538-4523,서울특별시 강남구 봉은사로 628 엘슨빌딩1층,정,서울특별시 강남구 봉은사로 628 (삼성동),127.0641641421308,37.5146701999603
남부터미널역점,서울시 서초구 서초중앙로 43 로얄타워1층,02-523-3671,서울특별시 서초구 서초중앙로 43 로얄타워1층,정,서울특별시 서초구 서초중앙로 43 (서초동),127.0155830852542,37.48553764327178
동부이촌동점,서울시 용산구 이촌로 303 현대아파트상가11동102호,02-792-3677,서울특별시 용산구 이촌로 303 현대아파트상가11동102호,정,서울특별시 용산구 이촌로 303 (이촌동),126.98261233581998,37.518763247433604
방이점,서울시 송파구 오금로 11길 7,02-415-5561,서울특별시 송파구 오금로 11길 7,정,서울특별시 송파구 오금로11길 7 (방이동),127.10796605813547,37.514557394769845
순화점,서울시 중구 순화202  1-94 프레이저플레이스레지던스1층,02-2220-8198,서울특별시 중구 순화202 1-94 프레이저플레이스레지던스1층,유,서울특별시 중구 순화동 204-2,126.97219753521178,37.55952199350004
광화문점,서울 종로구 서린동 136 센트리얼빌딩 1층,02-3210-2326,서울특별시 종로구 서린동 136 센트리얼빌딩 1층,정,서울특별시 종로구 서린동 136,126.97886233636281,37.569762320908936
대학로점,서울시 종로구 대학로 10길 5 1-60호,02-762-3146,서울특별시 종로구 대학로 10길 5 1-60호,유,서울특별시 종로구 대학로10길 5 (동숭동),127.00258055450229,37.58185182753511
청담카페점,"서울시 강남구 도산대로 67길 7,파크빌딩 1층",02-514-5622,"서울특별시 강남구 도산대로 67길 7,파크빌딩 1층",정,서울특별시 강남구 도산대로67길 7 (청담동),127.04439462669805,37.52449099400458
도심공항타워점,서울시 강남구 테헤란로87길 36 공항타워 1층,02-2016-5330,서울특별시 강남구 테헤란로87길 36 공항타워 1층,정,서울특별시 강남구 테헤란로87길 36 (삼성동),127.05859694754976,37.51023309709225
강남역랭기지타워점,서울시 강남구 테헤란로4길 28 826-28호 1층,02-563-3655,서울특별시 강남구 테헤란로4길 28 826-28호 1층,유,서울특별시 강남구 테헤란로4길 28 (역삼동),127.0300995957287,37.49652654445149
신촌점,서울시 서대문구 창천 18-26호 B1,02-363-5572,서울특별시 서대문구 창천 18-26호 B1,유,서울특별시 서대문구 창천동 18-1,126.93753788679653,37.55739324476007
종로관철동점,"서울시 종로구 청계천로 83 11-4호 지하1,지상1~3층",02-738-5333,"서울특별시 종로구 청계천로 83 11-4호 지하1,지상1~3층",유,서울특별시 종로구 청계천로 83 (관철동),126.98672817174987,37.56847626882576
경희궁의아침점,서울시 종로구 새문안로3길 23 경희궁아침상가4단지105외,02-730-8896,서울특별시 종로구 새문안로3길 23 경희궁아침상가4단지105외,정,서울특별시 종로구 새문안로3길 23 (내수동),126.97244086533242,37.57263259172954
고대안암역점,서울시 성북구 개운사길8 101-3 1층,02-953-6652,서울특별시 성북구 개운사길8 101-3 1층,유,서울특별시 성북구 개운사길 8 (안암동5가),127.0295370311495,37.58673136566221
홍대역점,서울시 마포구 홍익로 6길 26,02-333-4278,서울특별시 마포구 홍익로 6길 26,정,서울특별시 마포구 홍익로6길 26 (동교동),126.92326196901304,37.55547186421205
순화동라마다호텔점,서울시 중구 칠패로 27 151호,02-3789-3347,서울특별시 중구 칠패로 27 151호,정,서울특별시 중구 칠패로 27 (순화동),126.97199102532078,37.56030583998443
왕십리민자역사점,서울시 성동구 왕십리 광장로 17 왕십리민자역사ENTER6내1층,02-2200-6120,서울특별시 성동구 왕십리 광장로 17 왕십리민자역사ENTER6내1층,정,서울특별시 성동구 왕십리광장로 17 (행당동),127.03834485229177,37.56146573169716
강변테크노마트점,서울시 광진구 광나루로56길 85 테크노마트9층35호,02-3424-5480,서울특별시 광진구 광나루로56길 85 테크노마트9층35호,정,서울특별시 광진구 광나루로56길 85 (구의동),127.09574341323913,37.5356547963703
부산광복동점,부산광역시 중구 창선동 2가 8-2,051-243-9105,부산광역시 중구 창선동 2가 8-2,정,부산광역시 중구 창선동2가 8-2,129.0289902993198,35.099433440609545
외대앞점,서울시 동대문구 이문로 106 1~3층,02-959-7750,서울특별시 동대문구 이문로 106 1~3층,유,서울특별시 동대문구 이문로 106 (이문동),127.0602178868052,37.59606911062929
건대스타시티점,서울시 광진구 자양동 227-342호 롯데백화점 옆 더클래식500건물 1층,02-444-9861,서울특별시 광진구 자양동 227-342호 롯데백화점 옆 더클래식500건물 1층,유,서울특별시 광진구 자양동 227-1,127.07683193296681,37.53787416864046
소공동삼화빌딩점,서울 중구 남대문로7길 16 한컴빌딩 1층,02-753-8004,서울특별시 중구 남대문로7길 16 한컴빌딩 1층,정,서울특별시 중구 남대문로7길 16 (소공동),126.98116394422998,37.56416829544853
목동점,서울시 양천구 목동동로 293 현대41타워1층,02-2654-5981,서울특별시 양천구 목동동로 293 현대41타워1층,정,서울특별시 양천구 목동동로 293 (목동),126.87575457785361,37.52817201867787
세종문화회관옆점,서울 종로구 새문안로 9길 25 1층,02-720-5561,서울특별시 종로구 새문안로 9길 25 1층,정,서울특별시 종로구 새문안로9길 25 (당주동),126.97548179162091,37.571352065366305
신촌역앞점,"서울시 서대문구 신촌역로 20  27-27,16,65,61호",02-312-5568,"서울특별시 서대문구 신촌역로 20 27-27,16,65,61호",유,서울특별시 서대문구 신촌역로 20 (대현동),126.94313734336406,37.558368487469124
중계동은행사거리점,서울시 노원구 한글비석로 263 1층,02-931-3055,서울특별시 노원구 한글비석로 263 1층,정,서울특별시 노원구 한글비석로 263 (중계동),127.07646799584397,37.65118301183012
여의도교보증권점,서울시 영등포구 의사당대로 97 26-4 교보증권빌딩1층,02-783-6058,서울특별시 영등포구 의사당대로 97 26-4 교보증권빌딩1층,유,서울특별시 영등포구 의사당대로 97-2 (여의도동),126.92444765865982,37.52210487174765
일산킨텍스현대백화점점,경기도 고양시 일산서구 대화동 2602 현대백화점킨텍스점 5F,031-822-3575,경기도 고양시 일산서구 대화동 2602 현대백화점킨텍스점 5F,정,경기도 고양시 일산서구 대화동 2602,126.75162908351736,37.66801304425778
서울스퀘어점,서울시 중구 한강대로 416 지하1층,02-6456-8907,서울특별시 중구 한강대로 416 지하1층,정,서울특별시 중구 한강대로 416 (남대문로5가),126.97376283576268,37.55552006097673
여의도34번지점,서울 영등포구 국제금융로 52 심팩빌딩 1층,02-783-2043,서울특별시 영등포구 국제금융로 52 심팩빌딩 1층,정,서울특별시 영등포구 국제금융로 52 (여의도동),126.92950407303441,37.52272763815878
인천구월동점,"인천광역시 남동구 예술로 138 지상1,2층",032-421-3418,"인천광역시 남동구 예술로 138 지상1,2층",정,인천광역시 남동구 예술로 138 (구월동),126.70100636159358,37.44624139865881
하나은행경복궁역점,"서울시 종로구 사직로 130,1 현대적선빌딩1층",02-733-5108,"서울특별시 종로구 사직로 130,1 현대적선빌딩1층",유,서울특별시 종로구 사직로 130 (적선동),126.97281382877904,37.575896291044714
일산라페스타점,경기도 고양시 일산동구 장항동 764 라페스타C동,031-907-2326,경기도 고양시 일산동구 장항동 764 라페스타C동,정,경기도 고양시 일산동구 장항동 764 C동,126.76877605669827,37.661339622863416
분당차병원점,경기도 성남시 분당구 야탑동354 분당차병원신관1층분당차1호,031-781-0471,경기도 성남시 분당구 야탑동354 분당차병원신관1층분당차1호,유,경기도 성남시 분당구 야탑동 354-1,127.12634651932767,37.41115031139566
시흥홈플러스점,서울시 금천구 시흥대로 201 1층,02-803-9994,서울특별시 금천구 시흥대로 201 1층,정,서울특별시 금천구 시흥대로 201 (시흥동),126.90078958846479,37.45198091121885
창원상남동점,경남 창원시 성산구 중앙대로 104 마이우스오피스텔 123호 207호,055-211-0737,경남북도 창원시 성산구 중앙대로 104 마이우스오피스텔 123호 207호,대,경상남도,128.37421677500842,35.36836192337513
대학로마로니에점,"서울시 종로구 대학로 12길 62 지하1층,지상1,2층",02-742-3318,"서울특별시 종로구 대학로 12길 62 지하1층,지상1,2층",정,서울특별시 종로구 대학로12길 62 (동숭동),127.00372105119072,37.581406212290176
여의도순복음교회옆점,서울시 영등포구 여의서로 43 한서리버파크2층,02-780-7758,서울특별시 영등포구 여의서로 43 한서리버파크2층,정,서울특별시 영등포구 여의서로 43 (여의도동),126.9249207678098,37.53070615932066
분당서현점,"경기도 성남시 분당구 분당로53번길 11 1층2,3호",031-705-8926,"경기도 성남시 분당구 분당로53번길 11 1층2,3호",정,경기도 성남시 분당구 분당로53번길 11 (서현동),127.12155207247231,37.3840685472974
고대세종캠퍼스점,세종특별자치시 세종로 2511 고대세종캠퍼스호연학사4관1층,044-862-5144,세종특별자치시 세종로 2511 고대세종캠퍼스호연학사4관1층,정,세종특별자치시 세종로 2511 (조치원읍),127.28431858882522,36.60993591351184
무교점,"서울시 중구 태평로1 84호 SFC빌딩B1,1-4",02-753-2374,"서울특별시 중구 태평로1 84호 SFC빌딩B1,1-4",대,서울특별시 중구,126.99298333010267,37.557866613822455
분당플라자점,경기도 성남시 분당구 황새울로 326 서현빌딩상가내2층,031-705-3188,경기도 성남시 분당구 황새울로 326 서현빌딩상가내2층,정,경기도 성남시 분당구 황새울로 326 (서현동),127.12186627386548,37.38512934035877
일산웨스턴돔1호점,경기도 고양시 일산동구 정발산로 24 I동103~203호,031-931-5573,경기도 고양시 일산동구 정발산로 24 I동103~203호,정,경기도 고양시 일산동구 정발산로 24 (장항동),126.77272593965958,37.65476968065447
충무로극동빌딩점,서울시 중구 퇴계로 173 남산스퀘어 1층,02-2273-3181,서울특별시 중구 퇴계로 173 남산스퀘어 1층,정,서울특별시 중구 퇴계로 173 (충무로3가),126.99105851457884,37.56182408251135
분당수내점,경기도 성남시 분당구 황새울로 214번길8 MSPlaza내1층,031-713-9937,경기도 성남시 분당구 황새울로 214번길8 MSPlaza내1층,정,경기도 성남시 분당구 황새울로214번길 8 (수내동),127.11232568039814,37.378120513404845
무교CBTL점,서울 중구 세종대로 136 파이낸스빌딩,070-4140-7003,서울특별시 중구 세종대로 136 파이낸스빌딩,정,서울특별시 중구 세종대로 136 (태평로1가),126.97828394815296,37.56841437177363
테헤란로비젼타워점,서울시 강남구 테헤란로 312 707-2번지1층,02-558-7101,서울특별시 강남구 테헤란로 312 707-2번지1층,유,서울특별시 강남구 테헤란로 312 (역삼동),127.04503372715884,37.502964466593724
여의도역점,서울시 영등포구 의사당대로 108 아일렉스상가 1층 101호,02-784-5531,서울특별시 영등포구 의사당대로 108 아일렉스상가 1층 101호,정,서울특별시 영등포구 의사당대로 108 (여의도동),126.92398807196517,37.52101662649655
동탄라마다호텔점,경기도 화성시 노작로 199 동탄라마다호텔107호~111호,031-8003-8374,경기도 화성시 노작로 199 동탄라마다호텔107호~111호,정,경기도 화성시 노작로 199 (반송동),127.0746789240899,37.20583964492728
뉴압구정점,서울시 강남구 논현로 167길 9 낙산프라자 1층,02-545-3181,서울특별시 강남구 논현로 167길 9 낙산프라자 1층,정,서울특별시 강남구 논현로167길 9 (신사동),127.02742806733231,37.52440210023841
국기원사거리점,서울시 강남구 테헤란로 8길 42 1층,02-552-7106,서울특별시 강남구 테헤란로 8길 42 1층,정,서울특별시 강남구 테헤란로8길 42 (역삼동),127.03217418723618,37.49616822633509
남대문점,서울시 중구 후암로110 581호 서울시티타워1층,02-777-4217,서울특별시 중구 후암로110 581호 서울시티타워1층,정,서울특별시 중구 후암로 110 (남대문로5가),126.97405633740533,37.5543203646631
대전탄방동점,대전시 서구 문정로76 1층,042-471-9805,대전광역시 서구 문정로76 1층,정,대전광역시 서구 문정로 76 (탄방동),127.38769114878912,36.34641499090165
코엑스인터점,서울시 강남구 봉은사로 524 코엑스 인터컨티넨탈아케이드,02-569-3103,서울특별시 강남구 봉은사로 524 코엑스 인터컨티넨탈아케이드,정,서울특별시 강남구 봉은사로 524 (삼성동),127.05711615238548,37.5129526305153
IFC MALL2호점,서울시 영등포구 국제금융로10 IFC B2층,02-6137-5054,서울특별시 영등포구 국제금융로10 IFC B2층,정,서울특별시 영등포구 국제금융로 10 (여의도동),126.92593688056672,37.52505839670233
선릉로93길점,서울시 강남구 선릉로93길 6(역삼동) 1층,02-552-3177,서울특별시 강남구 선릉로93길 6(역삼동) 1층,정,서울특별시 강남구 선릉로93길 6 (역삼동),127.04789990592155,37.505685074151906
올림픽플라자,서울시 송파구 양재대로 1222 올림픽선수A 1층212~3호,02-402-3571,서울특별시 송파구 양재대로 1222 올림픽선수A 1층212~3호,정,서울특별시 송파구 양재대로 1222 (방이동),127.13148768105434,37.51577261231086
선릉로86길점,서울시 강남구 선릉로86길 11,02-2051-8875,서울특별시 강남구 선릉로86길 11,정,서울특별시 강남구 선릉로86길 11 (대치동),127.05058691656247,37.503404937225
현대자동차여의도점,서울시 영등포구 국제금융로 20 1층,02-783-3391,서울특별시 영등포구 국제금융로 20 1층,정,서울특별시 영등포구 국제금융로 20 (여의도동),126.92729734506698,37.5248884349813
청주지웰시티점,"충북 청주시 흥덕구 대농로 17 지웰시티몰 1층 124-1,125,126호",043-238-3151,"충청북도 청주시 흥덕구 대농로 17 지웰시티몰 1층 124-1,125,126호",정,충청북도 청주시 흥덕구 대농로 17 (복대동),127.42418681661911,36.64526786443392
수유역점,서울시 강북구 도봉로 352 효성네오인텔리안 101호,02-906-5571,서울특별시 강북구 도봉로 352 효성네오인텔리안 101호,정,서울특별시 강북구 도봉로 352 (번동),127.02696930073103,37.63866278872246
디큐브시티점,서울시 구로구 경인로 662 디큐브시티 4층,02-2210-9484,서울특별시 구로구 경인로 662 디큐브시티 4층,정,서울특별시 구로구 경인로 662 (신도림동),126.88925698922523,37.508845568793326
삼성로점,"서울시 강남구 삼성로 551 1층,2층",02-552-9311,"서울특별시 강남구 삼성로 551 1층,2층",정,서울특별시 강남구 삼성로 551 (삼성동),127.05415057511014,37.51071161669872
삼성금융플라자점,서울 강남구 테헤란로 419 삼성금융플라자1층,02-554-7591,서울특별시 강남구 테헤란로 419 삼성금융플라자1층,정,서울특별시 강남구 테헤란로 419 (삼성동),127.05217954629192,37.505861981933485
삼청동점,서울시 종로구 삼청로 109,02-730-5177,서울특별시 종로구 삼청로 109,정,서울특별시 종로구 삼청로 109 (삼청동),126.98178684025645,37.585125859497424
서초뱅뱅사거리점,"서울시 서초구 강남대로 267 2,3층",02-523-8841,"서울특별시 서초구 강남대로 267 2,3층",유,서울특별시 서초구 강남대로 267 (서초동),127.03233409153884,37.48716484737309
상암SBS미디어센터점,서울시 마포구 상암산로 82 SBS프리즘타워 1층,02-2039-9027,서울특별시 마포구 상암산로 82 SBS프리즘타워 1층,정,서울특별시 마포구 상암산로 82 (상암동),126.89277394675159,37.57971592230447
서울대입구역점,"서울시 관악구 관악로 161 층일부 2,3층",02-882-3101,"서울특별시 관악구 관악로 161 층일부 2,3층",정,서울특별시 관악구 관악로 161 (봉천동),126.95218405627111,37.47960827311408
서초우성아파트앞점,서울시 서초구 사임당로 171(서초동) EWR빌딩 2층,02-522-7158,서울특별시 서초구 사임당로 171(서초동) EWR빌딩 2층,정,서울특별시 서초구 사임당로 171 (서초동),127.02836325529705,37.49274806703658
수원인계점,경기도 수원시 팔달구 권광로 195 학산빌딩1층,031-233-5631,경기도 수원시 팔달구 권광로 195 학산빌딩1층,정,경기도 수원시 팔달구 권광로 195 (인계동),127.03268782912568,37.26496108417198
안국역점,"서울시 종로구 율곡로 47 1,2층",02-722-3356,"서울특별시 종로구 율곡로 47 1,2층",유,서울특별시 종로구 율곡로 47 (안국동),126.98458775537813,37.5763388699383
청주점,충북 청주시 상당구 상당로69번길20 2~4층,043-221-2373,충청북도 청주시 상당구 상당로69번길20 2~4층,유,충청북도 청주시 상당구 상당로69번길 20 (북문로1가),127.48929164056048,36.63454527652986
뉴교보타워옆점,"서울시 서초구 강남대로 449-3 알고코리아빌딩 1,2층",02-591-5177,"서울특별시 서초구 강남대로 449-3 알고코리아빌딩 1,2층",정,서울특별시 서초구 강남대로 449-3 (서초동),127.02488012974307,37.50235452841711
상봉엔터식스점,서울시 중랑구 망우로 353 프레미어스엠코 엔터식스 B동 2층,02-437-8891,서울특별시 중랑구 망우로 353 프레미어스엠코 엔터식스 B동 2층,정,"서울특별시 중랑구 망우로 353, B동 (상봉동)",127.09082274558183,37.59810563040609
이태원점,서울시 용산구 이태원로 189,02-794-3361,서울특별시 용산구 이태원로 189,정,서울특별시 용산구 이태원로 189 (이태원동),126.99503561186259,37.53484207421984
강남역먹자골목점,서울시 강남구 테헤란로1길 29 1층일부 및 2.3층,02-552-6311,서울특별시 강남구 테헤란로1길 29 1층일부 및 2.3층,정,서울특별시 강남구 테헤란로1길 29 (역삼동),127.02729181991376,37.50011508138292
인사점,서울시 종로구 낙원동 272 오라카이스위츠 1층,02-6262-8100,서울특별시 종로구 낙원동 272 오라카이스위츠 1층,정,서울특별시 종로구 낙원동 272,126.98734270569072,37.57304685581588
뉴가로수길점,서울시 강남구 압구정로12길 6,02-544-7105,서울특별시 강남구 압구정로12길 6,대,서울특별시 강남구 압구정로,127.04442089686034,37.52648702362656
판교아브뉴프랑점,경기도 성남시 분당구 동판교로177번길 25,031-8016-8131,경기도 성남시 분당구 동판교로177번길 25,정,경기도 성남시 분당구 동판교로177번길 25 (삼평동),127.11356829671982,37.39732111991319
현대자동차성내점,"서울시 강동구 천호대로 1096 1,2F",02-485-3361,"서울특별시 강동구 천호대로 1096 1,2F",유,서울특별시 강동구 천호대로 1096 (성내동),127.13324965237065,37.5352213929117
압구정현대아파트점,서울시 강남구 압구정로29길65 지하1층,02-518-3350,서울특별시 강남구 압구정로29길65 지하1층,정,서울특별시 강남구 압구정로29길 65 (압구정동),127.02700144529865,37.53180776151517
명동성당앞점,"서울시 중구 명동길 73 1,2층",02-777-3363,"서울특별시 중구 명동길 73 1,2층",유,서울특별시 중구 명동길 73 (명동1가),126.98623150082474,37.564389509912644
신림점,서울시 관악구 신림로 318 청암두산위브센티움1층,02-877-1194,서울특별시 관악구 신림로 318 청암두산위브센티움1층,정,서울특별시 관악구 신림로 318 (신림동),126.93025839965064,37.482584065824305
포스코사거리점,서울시 강남구 테헤란로 439,02-508-7522,서울특별시 강남구 테헤란로 439,정,서울특별시 강남구 테헤란로 439 (삼성동),127.05518772497139,37.50682751274023
대구중앙로점,대구광역시 중구 중앙대로 412-18,053-428-3370,대구광역시 중구 중앙대로 412-18,정,대구광역시 중구 중앙대로 412-18 (사일동),128.5948527672037,35.86976414550809
역삼역4번출구점,서울시 강남구 테헤란로143 고운빌딩1층,02-508-1137,서울특별시 강남구 테헤란로143 고운빌딩1층,정,서울특별시 강남구 테헤란로 143 (역삼동),127.0349072578858,37.50059283355217
오리역애플플라자점,경기도 성남시 분당구 탄천상로151번길20 월드쇼핑 B동 1층,031-715-5638,경기도 성남시 분당구 탄천상로151번길20 월드쇼핑 B동 1층,정,경기도 성남시 분당구 탄천상로151번길 20 (구미동),127.10674262660406,37.34081526534143
여의도교보증권카페점,서울시 영등포구 의사당대로 97 교보증권빌딩 2층,02-785-8845,서울특별시 영등포구 의사당대로 97 교보증권빌딩 2층,정,서울특별시 영등포구 의사당대로 97 (여의도동),126.9245858785891,37.522516003127116
차병원사거리점,서울시 강남구 봉은사로207 KJ타워1층,02-542-8813,서울특별시 강남구 봉은사로207 KJ타워1층,정,서울특별시 강남구 봉은사로 207 (논현동),127.03467005249816,37.507851106178876
명동나인트리호텔점,서울시 중구 명동10길 51 나인트리호텔 본관2층,02-771-9935,서울특별시 중구 명동10길 51 나인트리호텔 본관2층,정,서울특별시 중구 명동10길 51 (충무로2가),126.98602662208886,37.56161743415845
목동트라팰리스점,서울시 양천구 오목로 299 트라팰리스 이스턴에비뉴 1층,02-2643-7725,서울특별시 양천구 오목로 299 트라팰리스 이스턴에비뉴 1층,정,서울특별시 양천구 오목로 299 (목동),126.87036039187514,37.526087102641554
부평문화의거리점,"인천광역시 부평구 시장로29 1,2층",032-507-9901,"인천광역시 부평구 시장로29 1,2층",유,인천광역시 부평구 시장로 29 (부평동),126.72561187972902,37.49366754848921
여의도렉싱턴호텔옆점,서울시 영등포구 국회대로74길19 동우국제빌딩1층,02-782-3358,서울특별시 영등포구 국회대로74길19 동우국제빌딩1층,정,서울특별시 영등포구 국회대로74길 19 (여의도동),126.92196752861456,37.52980733919158
마리오아울렛점,서울시 금천구 디지털로9길 23 마리오-2관 패션타워3층,02-857-5501,서울특별시 금천구 디지털로9길 23 마리오-2관 패션타워3층,정,서울특별시 금천구 디지털로9길 23 (가산동),126.88650141861888,37.47872750955111
구로G-ValleyMall,서울시 구로구 디지털로300 지밸리비즈플라자 2층,02-6344-3966,서울특별시 구로구 디지털로300 지밸리비즈플라자 2층,정,서울특별시 구로구 디지털로 300 (구로동),126.89644393000172,37.484954629108074
엔터식스한양대점,서울시 성동구 왕십리로241 서울숲더샵 판매시설201동 지하2층,02-6454-6216,서울특별시 성동구 왕십리로241 서울숲더샵 판매시설201동 지하2층,정,서울특별시 성동구 왕십리로 241 (행당동),127.04036404903204,37.555716543583756
울산현대백화점점,울산광역시 남구 삼산로 261 현대백화점5층,052-228-0560,울산광역시 남구 삼산로 261 현대백화점5층,정,울산광역시 남구 삼산로 261 (삼산동),129.3358061695618,35.53961126109252
내방역7번출구유중아트점,서울시 서초구 방배로178 유중아트센터1층,02-592-8861,서울특별시 서초구 방배로178 유중아트센터1층,정,서울특별시 서초구 방배로 178 (방배동),126.99283058630812,37.48955184276402
신천역점,서울시 송파구 올림픽로100 효창타워1층,02-417-8851,서울특별시 송파구 올림픽로100 효창타워1층,정,서울특별시 송파구 올림픽로 100 (잠실동),127.08168910320325,37.51141563278483
강남역GT타워옆점,서울시 서초구 서초대로73길12 세계빌딩1층,02-592-0053,서울특별시 서초구 서초대로73길12 세계빌딩1층,정,서울특별시 서초구 서초대로73길 12 (서초동),127.02573445134225,37.49856061907705
광화문역1번출구점,서울시 종로구 새문안로5가길 7 1층 일부,02-723-3360,서울특별시 종로구 새문안로5가길 7 1층 일부,정,서울특별시 종로구 새문안로5가길 7 (내수동),126.97406661417024,37.57273403355782
도심공항점,서울시 강남구 테헤란로87길22 도심공항터미널 지하1층,02-551-6456,서울특별시 강남구 테헤란로87길22 도심공항터미널 지하1층,정,서울특별시 강남구 테헤란로87길 22 (삼성동),127.0594435024982,37.509632057307705
타임스퀘어점,서울시 영등포구 영중로15 타임스퀘어 1층,02-2635-8830,서울특별시 영등포구 영중로15 타임스퀘어 1층,정,서울특별시 영등포구 영중로 15 (영등포동4가),126.90364413852514,37.51719606034781
강남대로센터점,서울시 강남구 강남대로442 흥국화재빌딩 2층,02-565-3345,서울특별시 강남구 강남대로442 흥국화재빌딩 2층,정,서울특별시 강남구 강남대로 442 (역삼동),127.02606962987363,37.5020859290649
포항영일대점,경상북도 포항시 북구 삼호로265번길1 NB-City복합시설1층104호,054-241-3372,경상북도 포항시 북구 삼호로265번길1 NB-City복합시설1층104호,정,경상북도 포항시 북구 삼호로265번길 1 (두호동),129.37968103156697,36.06154818125595
여의도신영증권별관점,서울시 영등포구 국제금융로8길6 신영증권별관빌딩2층,02-782-1125,서울특별시 영등포구 국제금융로8길6 신영증권별관빌딩2층,정,서울특별시 영등포구 국제금융로8길 6 (여의도동),126.92969743657157,37.521808561505914
이태원제일기획옆점,서울시 용산구 이태원로220(한남동) 1층,02-792-3560,서울특별시 용산구 이태원로220(한남동) 1층,정,서울특별시 용산구 이태원로 220 (한남동),126.99848096264465,37.53481529818851
을지로입구역점,"서울시 중구 남대문로10길 6 1,2층",02-752-3348,"서울특별시 중구 남대문로10길 6 1,2층",유,서울특별시 중구 남대문로10길 6 (수하동),126.98325409268196,37.56689439153533
일산원마운트점,경기도 고양시 일산서구 한류월드로 300 원마운트스포츠몰 1층,031-961-6520,경기도 고양시 일산서구 한류월드로 300 원마운트스포츠몰 1층,정,경기도 고양시 일산서구 한류월드로 300 (대화동),126.75452297271285,37.66454489028992
광교아브뉴프랑점,"경기도 수원시 영통구 이의동 1332 광교아브뉴프랑 1층 A122,123호",031-216-9308,"경기도 수원시 영통구 이의동 1332 광교아브뉴프랑 1층 A122,123호",정,경기도 수원시 영통구 이의동 1332,127.05052669849671,37.29066088461458
현대프리미엄아울렛김포점,경기 김포시 고촌읍 전호리 654번지 현대프리미엄아울렛김포3층 618호,031-8048-2618,경기도 김포시 고촌읍 전호리 654번지 현대프리미엄아울렛김포3층 618호,정,경기도 김포시 고촌읍 전호리 654,126.78556930492172,37.59938322340649
경주미탐시티점,경상북도 경주시 엑스포로80(천군동)1층,054-777-5982,경상북도 경주시 엑스포로80(천군동)1층,정,경상북도 경주시 엑스포로 80 (천군동),129.28986858939027,35.83455886917631
광장동대한제지점,서울시 광진구 아차산로563(광장동) 대한제지빌딩 로비층,02-458-8166,서울특별시 광진구 아차산로563(광장동) 대한제지빌딩 로비층,정,서울특별시 광진구 아차산로 563 (광장동),127.10291231209277,37.54410507914015
진주LH본사점,경상남도 진주시 충의로 19 LH진주사옥 홍보관1층,055-763-3520,경상남도 진주시 충의로 19 LH진주사옥 홍보관1층,정,경상남도 진주시 충의로 19 (충무공동),128.1457689019285,35.17816977490181
인천공항탑승동105gate앞점,인천광역시 중구 공항로272 인천국제공항탑승동3층 FB-C5-68,032-743-7223,인천광역시 중구 공항로272 인천국제공항탑승동3층 FB-C5-68,정,인천광역시 중구 공항로 272 (운서동),126.45200471725194,37.44978411824439
용산아이파크몰점,서울시 용산구 한강대로23길55 현대아이파크몰용산 서관6층,02-2012-0631,서울특별시 용산구 한강대로23길55 현대아이파크몰용산 서관6층,정,서울특별시 용산구 한강대로23길 55 (한강로3가),126.96485222663301,37.529831633604346
시청역7번출구점,서울시 중구 세종대로84 2층,02-754-8852,서울특별시 중구 세종대로84 2층,정,서울특별시 중구 세종대로 84 (태평로2가),126.97717907412978,37.5636568105584
석촌호수점,서울시 송파구 석촌호수로 222 제이타워 1층,02-415-1235,서울특별시 송파구 석촌호수로 222 제이타워 1층,정,서울특별시 송파구 석촌호수로 222 (석촌동),127.10156081699121,37.507048029177916
인천공항탑승동130gate앞점,인천광역시 중구 공항로272 인천국제공항탑승동3층 FB-C5-57,032-743-7213,인천광역시 중구 공항로272 인천국제공항탑승동3층 FB-C5-57,정,인천광역시 중구 공항로 272 (운서동),126.45200471725194,37.44978411824439
명동M플라자점,서울시 중구 명동8길 27(명동2가),02-752-0888,서울특별시 중구 명동8길 27(명동2가),정,서울특별시 중구 명동8길 27 (명동2가),126.98512599946257,37.5625774810635
오목교역사거리점,"서울시 양천구 오목로 350 목동썬텍씨티빌딩 1층,2층",02-2653-8577,"서울특별시 양천구 오목로 350 목동썬텍씨티빌딩 1층,2층",정,서울특별시 양천구 오목로 350 (목동),126.87624815160815,37.52414187411828
올림픽공원북2문앞점,서울시 강동구 강동대로193 1층,02-471-2372,서울특별시 강동구 강동대로193 1층,정,서울특별시 강동구 강동대로 193 (성내동),127.1280149384601,37.52456630199367
범계역로데오점,경기도 안양시 동안구 평촌대로 223번길 41(호계동 1045-9) 2층,031-476-9082,경기도 안양시 동안구 평촌대로 223번길 41(호계동 1045-9) 2층,정,경기도 안양시 동안구 평촌대로223번길 41 (호계동),126.95350912336558,37.39050612659536
판교알파돔시티점,경기도 성남시 분당구 판교역로145(백현동) 판교알파돔 C2-3블럭 1층,031-8017-8556,경기도 성남시 분당구 판교역로145(백현동) 판교알파돔 C2-3블럭 1층,정,"경기도 성남시 분당구 판교역로 145, 2동 (백현동)",127.10918569222285,37.39406185534922
CBTL(커피빈)파르나스몰점,서울시 강남구 테헤란로521 파르나스몰 지하1층,02-538-2008,서울특별시 강남구 테헤란로521 파르나스몰 지하1층,정,서울특별시 강남구 테헤란로 521 (삼성동),127.06062880636145,37.50917454343461
삼성역글라스타워뒷점,서울시 강남구 영동대로85길 9 (대치동) 서전빌딩1층,02-552-3363,서울특별시 강남구 영동대로85길 9 (대치동) 서전빌딩1층,정,서울특별시 강남구 영동대로85길 9 (대치동),127.06288548436736,37.50710321031085
포스코옆삼성로86길점,서울특별시 강남구 삼성로86길 11 거봉빌딩 1층,02-569-7501,서울특별시 강남구 삼성로86길 11 거봉빌딩 1층,정,서울특별시 강남구 삼성로86길 11 (대치동),127.05830459832147,37.50589610905632
예술의전당앞점,"서울특별시 서초구 반포대로4(서초동) 2층, 3층",02-583-8856,"서울특별시 서초구 반포대로4(서초동) 2층, 3층",정,서울특별시 서초구 반포대로 4 (서초동),127.01318530833599,37.48121594508528
대치동나무병원점,서울특별시 강남구 영동대로 225 나무병원1층 (대치동994-5),02-562-9605,서울특별시 강남구 영동대로 225 나무병원1층 (대치동994-5),정,서울특별시 강남구 영동대로 225 (대치동),127.0675784325233,37.49920586633263
신논현역점,서울특별시 강남구 봉은사로108 글라스톤빌딩1층,02-569-9061,서울특별시 강남구 봉은사로108 글라스톤빌딩1층,정,서울특별시 강남구 봉은사로 108 (역삼동),127.02559387851291,37.50453484672572
상암한국지역정보개발원점,서울시 마포구 성암로301 KLID한국지역정보개발원 1층,02-376-9162,서울특별시 마포구 성암로301 KLID한국지역정보개발원 1층,정,서울특별시 마포구 성암로 301 (상암동),126.88793412219556,37.58242994994013
고대참살이길점,"서울시 성북구 인촌로24길 25 (안암동5가) 2층,3층",02-923-7735,"서울특별시 성북구 인촌로24길 25 (안암동5가) 2층,3층",대,서울특별시 성북구,127.0280534517771,37.607099130775744
낙성대역점,"서울시 관악구 남부순환로1909 1,2층",02-875-3364,"서울특별시 관악구 남부순환로1909 1,2층",유,서울특별시 관악구 남부순환로 1909-2 (봉천동),126.96171783588937,37.47796579589352
연대동문회관점,"서울시 서대문구 대신동 50-5 1층,2층(B동)",02-362-8301,"서울특별시 서대문구 대신동 50-5 1층,2층(B동)",정,서울특별시 서대문구 대신동 50-5,126.94326702172846,37.56310740173134
평촌점,"경기도 안양시 동안구 시민대로327번길 6, W 에이스타워 1층",031-426-9065,"경기도 안양시 동안구 시민대로327번길 6, W 에이스타워 1층",정,경기도 안양시 동안구 시민대로327번길 6 (관양동),126.96700954338094,37.39672405467998
부천역점,경기도 부천시 부천로4 2층,032-668-7890,경기도 부천시 부천로4 2층,정,경기도 부천시 원미구 부천로 4 (심곡동),126.78349360095079,37.48447917235109
상암DDMC점,서울시 마포구 상암동 1610번지 DDMC 지하 1층,02-375-0994,서울특별시 마포구 상암동 1610번지 DDMC 지하 1층,정,서울특별시 마포구 상암동 1610,126.89292339927556,37.5783443785484
장안점,"서울시 동대문구 장안동 372-1, 1층 일부 및 2층 전체",02-2249-9826,"서울특별시 동대문구 장안동 372-1, 1층 일부 및 2층 전체",정,서울특별시 동대문구 장안동 372-1,127.07050110208024,37.5709505382827
문래동점,서울시 영등포구 문래동6가 5번지 1층,02-2069-3157,서울특별시 영등포구 문래동6가 5번지 1층,정,서울특별시 영등포구 문래동6가 5,126.88905318026721,37.51964439938387
강서그랜드아이파크점,서울시 강서구 화곡6동 1095번지 1층,02-2699-7462,서울특별시 강서구 화곡6동 1095번지 1층,정,서울특별시 강서구 화곡동 1095,126.85128745192371,37.55489383230685
송도홈플러스점,인천광역시 연수구 송도국제대로 165(송도동) 홈플러스송도점1층,032-822-5905,인천광역시 연수구 송도국제대로 165(송도동) 홈플러스송도점1층,정,인천광역시 연수구 송도국제대로 165 (송도동),126.65634560627485,37.380231862234126
수원망포역점,경기도 수원시 영통구 영통로 214번길 8 1층,031-273-8751,경기도 수원시 영통구 영통로 214번길 8 1층,정,경기도 수원시 영통구 영통로214번길 8 (영통동),127.05757261737683,37.246225116338046
마두역점,경기도 고양시 일산동구 중앙로 1193 마두법조빌딩 1층,031-932-7018,경기도 고양시 일산동구 중앙로 1193 마두법조빌딩 1층,정,경기도 고양시 일산동구 중앙로 1193 (장항동),126.77662830647563,37.653095446588104
수원역점,"경기도 수원시 팔달구 매산로 11,  2층",031-248-9593,"경기도 수원시 팔달구 매산로 11, 2층",정,경기도 수원시 팔달구 매산로 11 (매산로1가),127.00273076384153,37.26745199882974
파주운정홈플러스점,경기도 파주시 청암로 17번길 17 1층,031-949-1408,경기도 파주시 청암로 17번길 17 1층,정,경기도 파주시 청암로17번길 17 (목동동),126.736804636531,37.72949995119324
해운대점,부산시 해운대구 해운대 해변로277 다옴빌딩1층,051-746-8214,부산광역시 해운대구 해운대 해변로277 다옴빌딩1층,정,부산광역시 해운대구 해운대해변로 277 (중동),129.161555800114,35.159873728295054
매헌역점,서울시 서초구 동산로 1  1층,02-2058-0921,서울특별시 서초구 동산로 1 1층,정,서울특별시 서초구 동산로 1 (양재동),127.0401486148909,37.46898667660576
잠원논현역점,서울시 서초구 신반포로47길 5 건물전체 1~3층,02-541-7404,서울특별시 서초구 신반포로47길 5 건물전체 1~3층,정,서울특별시 서초구 신반포로47길 5 (잠원동),127.01945183617569,37.510961276370914
대치사거리점,서울시 강남구 삼성로 352 창진빌딩 1층 및 2층,02-569-9751,서울특별시 강남구 삼성로 352 창진빌딩 1층 및 2층,정,서울특별시 강남구 삼성로 352 (대치동),127.05901773992383,37.50303422062173
부천상동점,경기도 부천시 길주로 111 센타플라자 1층,032-329-9471,경기도 부천시 길주로 111 센타플라자 1층,정,경기도 부천시 원미구 길주로 111 (상동),126.75488510984782,37.506323161737896
역삼동태광타워점,서울시 강남구 역삼동 718-20  태광타워 1층,02-569-9867,서울특별시 강남구 역삼동 718-20 태광타워 1층,정,서울특별시 강남구 역삼동 718-20,127.03991504557956,37.501016520904265
산본역점,경기도 군포시 광정로58 1층 104호 및 2층,031-399-8812,경기도 군포시 광정로58 1층 104호 및 2층,정,경기도 군포시 광정로 58 (산본동),126.930980780165,37.35850860915476
강남대점,경기도 용인시 기흥구 강남로 3 강남앤플러스 1층,031-693-6312,경기도 용인시 기흥구 강남로 3 강남앤플러스 1층,정,경기도 용인시 기흥구 강남로 3 (구갈동),127.12600669091415,37.271104649116715
분당정자점,경기도 성남시 분당구 정자일로 227(정자동) 백궁지엔느주차전용빌딩 1층,031-786-1906,경기도 성남시 분당구 정자일로 227(정자동) 백궁지엔느주차전용빌딩 1층,정,경기도 성남시 분당구 정자일로 227 (정자동),127.10560114667705,37.3707199697492
수지동천점,경기 용인시 수지구 손곡로 95 송란빌딩 1층,031-896-9044,경기도 용인시 수지구 손곡로 95 송란빌딩 1층,정,경기도 용인시 수지구 손곡로 95 (동천동),127.09181520347391,37.33596614403216
안양1번가점,경기도 안양시 만안구 안양로304번길 12 세진빌딩 2층,031-468-9096,경기도 안양시 만안구 안양로304번길 12 세진빌딩 2층,정,경기도 안양시 만안구 안양로304번길 12 (안양동),126.921891523746,37.399564797365834
강동경희대병원앞점,서울특별시 강동구 동남로 885 양지빌딩 1층,02-481-9938,서울특별시 강동구 동남로 885 양지빌딩 1층,정,서울특별시 강동구 동남로 885 (명일동),127.15597440956816,37.552629744752956
강남역12번출구점,서울특별시 강남구 테헤란로 111 2층,02-569-5838,서울특별시 강남구 테헤란로 111 2층,정,서울특별시 강남구 테헤란로 111 (역삼동),127.02926031840728,37.498914253253496
홍대역8번출구점,서울시 마포구 양화로18안길 7 2층,02-338-9463,서울특별시 마포구 양화로18안길 7 2층,정,서울특별시 마포구 양화로18안길 7 (동교동),126.9251071149275,37.556838885911986
화정중앙공원점,경기도 고양시 덕양구 화신로260번길 26 동민프라자 1층 103~107호,031-979-9402,경기도 고양시 덕양구 화신로260번길 26 동민프라자 1층 103~107호,정,경기도 고양시 덕양구 화신로260번길 26 (화정동),126.83299184246974,37.6317164963432
상봉역점,서울특별시 중랑구 망우로 291 1층,02-493-8902,서울특별시 중랑구 망우로 291 1층,정,서울특별시 중랑구 망우로 291 (상봉동),127.08479272000685,37.59644923161593
송파파크하비오점,서울특별시 송파구 송파대로 111 송파파크하비오 205동 1층 110-113,02-449-6881,서울특별시 송파구 송파대로 111 송파파크하비오 205동 1층 110-113,정,"서울특별시 송파구 송파대로 111, 205동 (문정동)",127.12268936148882,37.48149008623631
원주AK플라자점,강원도 원주시 봉화로1 AK플라자원주점 1층,033-748-0631,강원도 원주시 봉화로1 AK플라자원주점 1층,정,강원특별자치도 원주시 봉화로 1 (단계동),127.92764704207175,37.34575493771298
서초역1번출구점,서울시 서초구 서초대로 250 스타갤러리 브릿지 1층 101호,02-598-7741,서울특별시 서초구 서초대로 250 스타갤러리 브릿지 1층 101호,정,서울특별시 서초구 서초대로 250 (서초동),127.00917009274353,37.491982687453806
몽촌토성역점,"서울시 송파구 방이동 44-2, 장은빌딩 1층",02-2141-0407,"서울특별시 송파구 방이동 44-2, 장은빌딩 1층",정,서울특별시 송파구 방이동 44-2,127.11274929472069,37.516900370252166
노원역점,"서울시 노원구 노해로 490, 길빌딩 2층",02-952-9577,"서울특별시 노원구 노해로 490, 길빌딩 2층",정,서울특별시 노원구 노해로 490 (상계동),127.06241093320124,37.65440939012043
송파파크하비오B1점,"서울특별시 송파구 송파대로 111, 송파 파크하비오 하비오길 극장로 203동 지하1층",02-449-6797,"서울특별시 송파구 송파대로 111, 송파 파크하비오 하비오길 극장로 203동 지하1층",정,"서울특별시 송파구 송파대로 111, 203동 (문정동)",127.12405809736566,37.481594563251505
문정역엠스테이트점,서울 송파구 문정동 643-1번지 엠스테이트 B동 지하1층,02-6177-9080,서울특별시 송파구 문정동 643-1번지 엠스테이트 B동 지하1층,정,서울특별시 송파구 문정동 643-1 B동,127.12087501137718,37.485394790168165
여의도SK증권빌딩점,서울특별시 영등포구 국제금융로8길31 여의도SK증권빌딩점 1층,02-6484-5150,서울특별시 영등포구 국제금융로8길31 여의도SK증권빌딩점 1층,정,서울특별시 영등포구 국제금융로8길 31 (여의도동),126.92806651440445,37.51974619599311
구의삼성쉐르빌점,서울특별시 광진구 구의강변로 106 삼성쉐르빌 1층,02-2201-8953,서울특별시 광진구 구의강변로 106 삼성쉐르빌 1층,정,서울특별시 광진구 구의강변로 106 (구의동),127.09487642513164,37.539876255238646
강북구청앞점,"서울특별시 강북구 한천로 139길 25, 1층 일부 및 2층 (수유동 191-70)",02-994-8878,"서울특별시 강북구 한천로 139길 25, 1층 일부 및 2층 (수유동 191-70)",정,서울특별시 강북구 한천로139길 25 (수유동),127.02574001595846,37.639097239904295
합정역점,"서울시 마포구 독막로 13, 2층",02-338-9178,"서울특별시 마포구 독막로 13, 2층",정,서울특별시 마포구 독막로 13 (합정동),126.9150557849111,37.54881169556199
평택소사점,"경기도 평택시 평남로 862, 로이드빌딩 1층",031-692-2405,"경기도 평택시 평남로 862, 로이드빌딩 1층",정,경기도 평택시 평남로 862 (비전동),127.11146751340875,37.00048814131193
천호역점,서울시 강동구 올림픽로 659 쌍용플래티넘리버 1층,02-488-5912,서울특별시 강동구 올림픽로 659 쌍용플래티넘리버 1층,정,서울특별시 강동구 올림픽로 659 (천호동),127.12355242750459,37.54033385992446
혜화역1번출구점,서울특별시 종로구 대학로 128 2층,02-766-7937,서울특별시 종로구 대학로 128 2층,정,서울특별시 종로구 대학로 128 (동숭동),127.00215451487344,37.5827226807143
현대시티몰가든파이브점,서울특별시 송파구 충민로 66 가든파이브 라이프동 테크노관 1층,02-2673-2110,서울특별시 송파구 충민로 66 가든파이브 라이프동 테크노관 1층,정,서울특별시 송파구 충민로 66 (문정동),127.12511773737528,37.477716912575005
종각역점,서울시 종로구 종로 70 2층,02-739-6268,서울특별시 종로구 종로 70 2층,정,서울특별시 종로구 종로 70 (관철동),126.9851723767851,37.56984435423314
송도트리플스트리트점,"인천 연수구 송도과학로 16번길 33-4 D동 119호,207호",032-310-9644,"인천광역시 연수구 송도과학로 16번길 33-4 D동 119호,207호",정,인천광역시 연수구 송도과학로16번길 33-4 (송도동),126.66279789852629,37.37868681577085
한티역디마크빌딩점,서울특별시 강남구 도곡로 408 디마크빌딩 1층,02-2052-6590,서울특별시 강남구 도곡로 408 디마크빌딩 1층,정,서울특별시 강남구 도곡로 408 (대치동),127.05522810465963,37.49660542922155
합정푸르지오점,"서울특별시 마포구 월드컵로 3길 14, 푸르지오 2차 1층",02-338-7684,"서울특별시 마포구 월드컵로 3길 14, 푸르지오 2차 1층",정,서울특별시 마포구 월드컵로3길 14 (합정동),126.91154382935716,37.55105011645092
부산정관점,"부산광역시 기장군 정관로 563 1층,2층",051-728-7435,"부산광역시 기장군 정관로 563 1층,2층",정,부산광역시 기장군 정관로 563 (정관읍),129.1756350192211,35.321917110093125
위례2차아이파크점,서울시 송파구 위례광장로 230 위례2차 아이파크 B동 1층,02-449-9703,서울특별시 송파구 위례광장로 230 위례2차 아이파크 B동 1층,정,서울특별시 송파구 위례광장로 230 (장지동),127.14330950223443,37.47970177597389
부산수영역점,부산광역시 수영구 수영로 667 1층,051-759-9046,부산광역시 수영구 수영로 667 1층,정,부산광역시 수영구 수영로 667 (광안동),129.11447552980144,35.16533437793061
서초부띠크모나코점,서울특별시 서초구 서초대로 397 부띠크모나코 1층,02-537-4662,서울특별시 서초구 서초대로 397 부띠크모나코 1층,정,서울특별시 서초구 서초대로 397 (서초동),127.02451720967026,37.49746950137688
신논현역2번출구점,서울시 서초구 강남대로 475 2층,02-541-9650,서울특별시 서초구 강남대로 475 2층,정,서울특별시 서초구 강남대로 475 (반포동),127.0238966225019,37.504750237203666
논현201-5번지점,"서울특별시 강남구  강남대로112길 20 1층, 2층",02-541-9563,"서울특별시 강남구 강남대로112길 20 1층, 2층",정,서울특별시 강남구 강남대로112길 20 (논현동),127.02605330313796,37.50551359620505
동교동삼거리점,서울특별시 마포구 양화로 196(동교동),02-336-9198,서울특별시 마포구 양화로 196(동교동),정,서울특별시 마포구 양화로 196 (동교동),126.92651797903436,37.55838925285021
응암동점,"서울시 은평구 은평로 121(응암동), 메디컬빌딩",02-389-6283,"서울특별시 은평구 은평로 121(응암동), 메디컬빌딩",정,서울특별시 은평구 은평로 121 (응암동),126.92109614926363,37.60044937388049
방이역4번출구점,서울 송파구 방이동 206-11,02-420-0386,서울특별시 송파구 방이동 206-11,정,서울특별시 송파구 방이동 206-11,127.12579056188261,37.50935189758929
서수원이마트점,"경기도 수원시 권선구 수인로 291(구운동), 이마트 서수원점 1층",031-278-6593,"경기도 수원시 권선구 수인로 291(구운동), 이마트 서수원점 1층",정,경기도 수원시 권선구 수인로 291 (구운동),126.97027512005143,37.28267020593646
수원송죽DT점,경기도 수원시 장안구 경수대로 989,031-248-6086,경기도 수원시 장안구 경수대로 989,정,경기도 수원시 장안구 경수대로 989 (송죽동),127.00292350429419,37.305085899845714
도곡동지오빌딩점,"서울특별시 강남구 도곡동 543-1, 지오빌딩 B1층",02-2058-3027,"서울특별시 강남구 도곡동 543-1, 지오빌딩 B1층",정,서울특별시 강남구 도곡동 543-1,127.04167507389889,37.492238892992695
IFC MALL 3호점,서울시 영등포구 국제금융로10 IFC Mall L2(2층),02-6137-5056,서울특별시 영등포구 국제금융로10 IFC Mall L2(2층),정,서울특별시 영등포구 국제금융로 10 (여의도동),126.92593688056672,37.52505839670233
성균관대 자연과학캠퍼스점,"경기 수원시 장안구 서부로 2066, 성균관대 자연과학 캠퍼스 N센터 1층",031-278-7640,"경기도 수원시 장안구 서부로 2066, 성균관대 자연과학 캠퍼스 N센터 1층",정,경기도 수원시 장안구 서부로 2066 (천천동),126.97223669136865,37.29332441469139
동탄능동DT점,"경기도 화성시 능동 453-4,453-8,454-1 소재 건물(1~3층)",031-267-4182,"경기도 화성시 능동 453-4,453-8,454-1 소재 건물(1~3층)",정,경기도 화성시 능동 453-4,127.0563633294337,37.211003378097274
마곡마커스빌딩점,서울특별시 강서구 마곡동로 55 마커스빌딩 1층,02-6905-3030,서울특별시 강서구 마곡동로 55 마커스빌딩 1층,정,서울특별시 강서구 마곡동로 55 (마곡동),126.83304850128492,37.56000466041116
성남신흥점,경기도 성남시 수정구 수정로 190 (신흥동),031-759-6675,경기도 성남시 수정구 수정로 190 (신흥동),정,경기도 성남시 수정구 수정로 190 (신흥동),127.14097881809037,37.44342226277843
부산서면서전로점,"부산광역시 부산진구 서전로 12, 1층",051-819-8708,"부산광역시 부산진구 서전로 12, 1층",정,부산광역시 부산진구 서전로 12 (부전동),129.0608681547836,35.157518715474815
선릉역3번출구세방빌딩점,서울특별시 강남구 선릉로 433 세방빌딩 1층,02-2051-9328,서울특별시 강남구 선릉로 433 세방빌딩 1층,정,서울특별시 강남구 선릉로 433 (역삼동),127.0489014581645,37.50376716402632
분당차병원본관앞점,경기도 성남시 분당구 야탑로64 DS타워 1층,031-8017-8243,경기도 성남시 분당구 야탑로64 DS타워 1층,정,경기도 성남시 분당구 야탑로 64 (야탑동),127.12597178457683,37.40948488362311
수원인계DT점,경기도 수원시 팔달구 인계로79 (인계동),031-898-8818,경기도 수원시 팔달구 인계로79 (인계동),정,경기도 수원시 팔달구 인계로 79 (인계동),127.02647980827254,37.268873715615506
인천공항 제2여객터미널 입구점,인천광역시 중구 운서동 2868 인천공항 제2터미널 1층 연번(23-124),032-743-2894,인천광역시 중구 운서동 2868 인천공항 제2터미널 1층 연번(23-124),정,인천광역시 중구 운서동 2868,126.43378797155036,37.46863285219208
한성대입구역점,서울특별시 성북구 삼선교로 12 1층,02-766-7951,서울특별시 성북구 삼선교로 12 1층,정,서울특별시 성북구 삼선교로 12 (삼선동1가),127.00714092368105,37.58758346670011
양천향교역점,서울특별시 강서구 강서로 457(마곡동),02-3665-9506,서울특별시 강서구 강서로 457(마곡동),정,서울특별시 강서구 강서로 457 (마곡동),126.840415381012,37.566238664638284
신용산역래미안점,서울시 용산구 한강대로95,02-2074-1049,서울특별시 용산구 한강대로95,정,서울특별시 용산구 한강대로 95 (한강로2가),126.96726299675927,37.52948264937955